Horse,time,Virus
A2199,2,2.86923172
A2199,5,3.817102404
A2199,7,4.535471347
A2199,9,5.123851641
A2199,13,6.522444234
A2199,14,6.385606274
